{"train/loss": 0.8147495985031128, "train/lr": 1.263306703425117e-09, "train/epoch": 0, "_timestamp": 1710740651.7289317, "_runtime": 94.37743067741394, "_step": 624, "_wandb": {"runtime": 93}}