{"train/loss": 0.8122380971908569, "_timestamp": 1710740158.0812523, "_runtime": 94.04540944099426, "_step": 624, "_wandb": {"runtime": 93}}