{"train/loss": 0.9160434007644653, "train/lr": 1.2633067034251135e-08, "train/epoch": 0, "_timestamp": 1710740828.7579455, "_runtime": 94.26388263702393, "_step": 624, "_wandb": {"runtime": 93}}