{"train/loss": 0.8587445020675659, "_timestamp": 1710740300.4694436, "_runtime": 94.20854163169861, "_step": 624, "_wandb": {"runtime": 93}}