{"train/loss": 5.56296443939209, "_timestamp": 1710736936.1472, "_runtime": 78.4728991985321, "_step": 624, "_wandb": {"runtime": 77}}