{"train/loss": 0.7287054657936096, "train/lr": 0.0002, "train/epoch": 0, "_timestamp": 1710740521.079214, "_runtime": 94.65135502815247, "_step": 624, "_wandb": {"runtime": 93}}