{"train/loss": 0.703574538230896, "train/lr": 9.840893644281325e-05, "train/epoch": 0, "_timestamp": 1710740930.060766, "_runtime": 81.54989504814148, "_step": 536, "_wandb": {"runtime": 80}}