{"train/loss": 0.7745200395584106, "train/lr": 0.0002, "train/epoch": 0, "_timestamp": 1710740408.509056, "_runtime": 76.09579110145569, "_step": 502, "_wandb": {"runtime": 75}}