{"train/loss": 1.0053362846374512, "_timestamp": 1710739565.9692068, "_runtime": 109.20207786560059, "_step": 624, "_wandb": {"runtime": 93}}