{"train/loss": 0.5823268890380859, "train/lr": 0.0007527709840334035, "train/epoch": 2, "_timestamp": 1710742317.0366814, "_runtime": 535.7577784061432, "_step": 1813, "val/loss": 0.9148043519682881, "val/epoch": 1}