{"train/loss": 7.38385534286499, "_timestamp": 1710737288.446433, "_runtime": 80.07600116729736, "_step": 624, "_wandb": {"runtime": 79}}