{"train/loss": 0.4738512635231018, "train/lr": 0.001809607491645708, "train/epoch": 0, "_timestamp": 1710741075.8493805, "_runtime": 94.2181305885315, "_step": 624, "_wandb": {"runtime": 93}}